filename,file_size,file_attributes,region_count,region_id,region_shape_attributes,region_attributes
WSCT1316.JPG,2314261,"{}",0,0,"{}","{}"
WSCT1317.JPG,2316615,"{}",1,0,"{""name"":""rect"",""x"":2707,""y"":358,""width"":37,""height"":61}","{""Insect"":{""Unknown"":true}}"
WSCT1318.JPG,2320064,"{}",0,0,"{}","{}"
WSCT1319.JPG,2324896,"{}",0,0,"{}","{}"
WSCT1320.JPG,2308025,"{}",0,0,"{}","{}"
WSCT1321.JPG,2294958,"{}",2,0,"{""name"":""rect"",""x"":781,""y"":1401,""width"":85,""height"":48}","{""Insect"":{""Diptera"":true}}"
WSCT1321.JPG,2294958,"{}",2,1,"{""name"":""rect"",""x"":1825,""y"":1949,""width"":79,""height"":45}","{""Insect"":{""Diptera"":true}}"
WSCT1322.JPG,2309232,"{}",0,0,"{}","{}"
WSCT1323.JPG,2355050,"{}",0,0,"{}","{}"
WSCT1324.JPG,2358876,"{}",1,0,"{""name"":""rect"",""x"":3035,""y"":1393,""width"":122,""height"":69}","{""Insect"":{""Diptera"":true}}"
WSCT1325.JPG,2369997,"{}",0,0,"{}","{}"
WSCT1326.JPG,2363705,"{}",0,0,"{}","{}"
WSCT1327.JPG,2319178,"{}",0,0,"{}","{}"
WSCT1328.JPG,2309691,"{}",0,0,"{}","{}"
WSCT1329.JPG,2301816,"{}",0,0,"{}","{}"
WSCT1330.JPG,2298496,"{}",0,0,"{}","{}"
WSCT1331.JPG,2299269,"{}",0,0,"{}","{}"
WSCT1332.JPG,2299591,"{}",0,0,"{}","{}"
WSCT1333.JPG,2304174,"{}",1,0,"{""name"":""rect"",""x"":535,""y"":114,""width"":45,""height"":58}","{""Insect"":{""Carabid"":true}}"
WSCT1334.JPG,2313446,"{}",0,0,"{}","{}"
WSCT1335.JPG,2307120,"{}",0,0,"{}","{}"
WSCT1336.JPG,2310464,"{}",0,0,"{}","{}"
WSCT1337.JPG,2312935,"{}",0,0,"{}","{}"
WSCT1338.JPG,2323729,"{}",0,0,"{}","{}"
WSCT1339.JPG,2326282,"{}",0,0,"{}","{}"
WSCT1340.JPG,2396116,"{}",0,0,"{}","{}"
WSCT1341.JPG,2343467,"{}",0,0,"{}","{}"
WSCT1342.JPG,2394166,"{}",0,0,"{}","{}"
WSCT1343.JPG,2398051,"{}",0,0,"{}","{}"
WSCT1344.JPG,2402196,"{}",0,0,"{}","{}"
WSCT1345.JPG,2407153,"{}",0,0,"{}","{}"
WSCT1346.JPG,2410568,"{}",0,0,"{}","{}"
WSCT1347.JPG,2409496,"{}",0,0,"{}","{}"
WSCT1348.JPG,2413438,"{}",0,0,"{}","{}"
WSCT1349.JPG,2416401,"{}",0,0,"{}","{}"
WSCT1350.JPG,2418038,"{}",0,0,"{}","{}"
WSCT1351.JPG,2417141,"{}",0,0,"{}","{}"
WSCT1352.JPG,2419501,"{}",0,0,"{}","{}"
WSCT1353.JPG,2422944,"{}",1,0,"{""name"":""rect"",""x"":3496,""y"":1584,""width"":64,""height"":56}","{""Insect"":{""Tachyporus.hypnorum"":true}}"
WSCT1354.JPG,2421379,"{}",1,0,"{""name"":""rect"",""x"":3964,""y"":74,""width"":56,""height"":82}","{""Insect"":{""Carabid"":true}}"
WSCT1355.JPG,2425845,"{}",0,0,"{}","{}"
WSCT1356.JPG,2426366,"{}",0,0,"{}","{}"
WSCT1357.JPG,2424971,"{}",0,0,"{}","{}"
WSCT1358.JPG,2424938,"{}",0,0,"{}","{}"
WSCT1359.JPG,2426145,"{}",0,0,"{}","{}"
WSCT1360.JPG,2427197,"{}",1,0,"{""name"":""rect"",""x"":1827,""y"":283,""width"":132,""height"":103}","{""Insect"":{""Staphylinidae"":true}}"
WSCT1361.JPG,2428384,"{}",0,0,"{}","{}"
WSCT1362.JPG,2428351,"{}",0,0,"{}","{}"
WSCT1363.JPG,2428247,"{}",0,0,"{}","{}"
WSCT1364.JPG,2428248,"{}",0,0,"{}","{}"
WSCT1365.JPG,2428672,"{}",0,0,"{}","{}"
WSCT1366.JPG,2427053,"{}",0,0,"{}","{}"
WSCT1367.JPG,2431315,"{}",0,0,"{}","{}"
WSCT1368.JPG,2430712,"{}",0,0,"{}","{}"
WSCT1369.JPG,2426148,"{}",0,0,"{}","{}"
WSCT1370.JPG,2429938,"{}",2,0,"{""name"":""rect"",""x"":2995,""y"":1886,""width"":130,""height"":167}","{""Insect"":{""Isopoda"":true}}"
WSCT1370.JPG,2429938,"{}",2,1,"{""name"":""rect"",""x"":122,""y"":2013,""width"":53,""height"":74}","{""Insect"":{""Tachyporus.hypnorum"":true}}"
WSCT1371.JPG,2426200,"{}",0,0,"{}","{}"
WSCT1372.JPG,2427271,"{}",0,0,"{}","{}"
WSCT1373.JPG,2427570,"{}",0,0,"{}","{}"
WSCT1374.JPG,2433505,"{}",2,0,"{""name"":""rect"",""x"":2630,""y"":506,""width"":72,""height"":69}","{""Insect"":{""Tachyporus.hypnorum"":true}}"
WSCT1374.JPG,2433505,"{}",2,1,"{""name"":""rect"",""x"":895,""y"":61,""width"":74,""height"":90}","{""Insect"":{""Carabid"":true}}"
WSCT1375.JPG,2431171,"{}",0,0,"{}","{}"
WSCT1376.JPG,2429762,"{}",0,0,"{}","{}"
WSCT1377.JPG,2432533,"{}",0,0,"{}","{}"
WSCT1378.JPG,2429271,"{}",0,0,"{}","{}"
WSCT1379.JPG,2428335,"{}",0,0,"{}","{}"
WSCT1380.JPG,2430085,"{}",1,0,"{""name"":""rect"",""x"":1290,""y"":858,""width"":233,""height"":310}","{""Insect"":{""Pterostichus.madidus"":true}}"
WSCT1381.JPG,2426664,"{}",1,0,"{""name"":""rect"",""x"":1189,""y"":694,""width"":90,""height"":53}","{""Insect"":{""Carabid"":true}}"
WSCT1382.JPG,2426139,"{}",0,0,"{}","{}"
WSCT1383.JPG,2427340,"{}",0,0,"{}","{}"
WSCT1384.JPG,2429942,"{}",0,0,"{}","{}"
WSCT1385.JPG,2425191,"{}",0,0,"{}","{}"
WSCT1386.JPG,2423886,"{}",0,0,"{}","{}"
WSCT1387.JPG,2426525,"{}",0,0,"{}","{}"
WSCT1388.JPG,2422751,"{}",0,0,"{}","{}"
WSCT1389.JPG,2424480,"{}",0,0,"{}","{}"
WSCT1390.JPG,2425556,"{}",1,0,"{""name"":""rect"",""x"":1070,""y"":1284,""width"":93,""height"":66}","{""Insect"":{""Carabid"":true}}"
WSCT1391.JPG,2426731,"{}",0,0,"{}","{}"
WSCT1392.JPG,2423625,"{}",0,0,"{}","{}"
WSCT1393.JPG,2423506,"{}",0,0,"{}","{}"
WSCT1394.JPG,2426994,"{}",0,0,"{}","{}"
WSCT1395.JPG,2424334,"{}",0,0,"{}","{}"
WSCT1396.JPG,2423472,"{}",0,0,"{}","{}"
WSCT1397.JPG,2422787,"{}",0,0,"{}","{}"
WSCT1398.JPG,2425667,"{}",0,0,"{}","{}"
WSCT1399.JPG,2432095,"{}",0,0,"{}","{}"
WSCT1400.JPG,2423062,"{}",0,0,"{}","{}"
WSCT1401.JPG,2424555,"{}",0,0,"{}","{}"
WSCT1402.JPG,2424990,"{}",0,0,"{}","{}"
WSCT1403.JPG,2422092,"{}",0,0,"{}","{}"
WSCT1404.JPG,2427135,"{}",0,0,"{}","{}"
WSCT1405.JPG,2425606,"{}",0,0,"{}","{}"
WSCT1406.JPG,2427444,"{}",0,0,"{}","{}"
WSCT1407.JPG,2424830,"{}",0,0,"{}","{}"
WSCT1408.JPG,2424885,"{}",0,0,"{}","{}"
WSCT1409.JPG,2424432,"{}",0,0,"{}","{}"
WSCT1410.JPG,2425253,"{}",0,0,"{}","{}"
WSCT1411.JPG,2425617,"{}",0,0,"{}","{}"
WSCT1412.JPG,2424942,"{}",1,0,"{""name"":""rect"",""x"":358,""y"":212,""width"":225,""height"":180}","{""Insect"":{""Myriapoda"":true}}"
WSCT1413.JPG,2424793,"{}",0,0,"{}","{}"
WSCT1414.JPG,2428018,"{}",0,0,"{}","{}"
WSCT1415.JPG,2426489,"{}",1,0,"{""name"":""rect"",""x"":1653,""y"":924,""width"":50,""height"":48}","{""Insect"":{""Unknown"":true}}"
WSCT1416.JPG,2424255,"{}",1,0,"{""name"":""rect"",""x"":1589,""y"":821,""width"":42,""height"":53}","{""Insect"":{""Carabid"":true}}"
WSCT1417.JPG,2427587,"{}",1,0,"{""name"":""rect"",""x"":1594,""y"":842,""width"":48,""height"":40}","{""Insect"":{""Unknown"":true}}"
WSCT1418.JPG,2422330,"{}",1,0,"{""name"":""rect"",""x"":1602,""y"":832,""width"":40,""height"":50}","{""Insect"":{""Unknown"":true}}"
WSCT1419.JPG,2426050,"{}",1,0,"{""name"":""rect"",""x"":1608,""y"":829,""width"":37,""height"":69}","{""Insect"":{""Unknown"":true}}"
WSCT1420.JPG,2424754,"{}",1,0,"{""name"":""rect"",""x"":1647,""y"":916,""width"":61,""height"":42}","{""Insect"":{""Unknown"":true}}"
WSCT1421.JPG,2428766,"{}",2,0,"{""name"":""rect"",""x"":1653,""y"":914,""width"":50,""height"":26}","{""Insect"":{""Unknown"":true}}"
WSCT1421.JPG,2428766,"{}",2,1,"{""name"":""rect"",""x"":2029,""y"":742,""width"":114,""height"":114}","{""Insect"":{""Linyphiidae"":true}}"
WSCT1422.JPG,2427611,"{}",1,0,"{""name"":""rect"",""x"":1642,""y"":911,""width"":64,""height"":42}","{""Insect"":{""Unknown"":true}}"
WSCT1423.JPG,2423990,"{}",1,0,"{""name"":""rect"",""x"":1650,""y"":903,""width"":56,""height"":50}","{""Insect"":{""Unknown"":true}}"
WSCT1424.JPG,2429575,"{}",2,0,"{""name"":""rect"",""x"":1639,""y"":914,""width"":77,""height"":34}","{""Insect"":{""Unknown"":true}}"
WSCT1424.JPG,2429575,"{}",2,1,"{""name"":""rect"",""x"":2010,""y"":1981,""width"":172,""height"":228}","{""Insect"":{""Isopoda"":true}}"
WSCT1425.JPG,2425315,"{}",1,0,"{""name"":""rect"",""x"":1653,""y"":720,""width"":42,""height"":42}","{""Insect"":{""Unknown"":true}}"
WSCT1426.JPG,2425472,"{}",1,0,"{""name"":""rect"",""x"":2301,""y"":418,""width"":87,""height"":53}","{""Insect"":{""Tachyporus.hypnorum"":true}}"
WSCT1427.JPG,2425409,"{}",1,0,"{""name"":""rect"",""x"":892,""y"":26,""width"":66,""height"":53}","{""Insect"":{""Carabid"":true}}"
WSCT1428.JPG,2427938,"{}",0,0,"{}","{}"
WSCT1429.JPG,2425379,"{}",0,0,"{}","{}"
WSCT1430.JPG,2427243,"{}",0,0,"{}","{}"
WSCT1431.JPG,2424241,"{}",0,0,"{}","{}"
WSCT1432.JPG,2426919,"{}",1,0,"{""name"":""rect"",""x"":79,""y"":1803,""width"":336,""height"":275}","{""Insect"":{""Pterostichus.melanarius"":true}}"
WSCT1433.JPG,2423230,"{}",0,0,"{}","{}"
WSCT1434.JPG,2425780,"{}",0,0,"{}","{}"
WSCT1435.JPG,2424583,"{}",0,0,"{}","{}"
WSCT1436.JPG,2424854,"{}",1,0,"{""name"":""rect"",""x"":3631,""y"":1266,""width"":241,""height"":77}","{""Insect"":{""Myriapoda"":true}}"
WSCT1437.JPG,2425380,"{}",0,0,"{}","{}"
WSCT1438.JPG,2424289,"{}",1,0,"{""name"":""rect"",""x"":1711,""y"":1462,""width"":117,""height"":177}","{""Insect"":{""Amara.sp"":true}}"
WSCT1439.JPG,2425942,"{}",1,0,"{""name"":""rect"",""x"":1512,""y"":1475,""width"":201,""height"":180}","{""Insect"":{""Amara.sp"":true}}"
WSCT1440.JPG,2429849,"{}",1,0,"{""name"":""rect"",""x"":1494,""y"":1425,""width"":172,""height"":167}","{""Insect"":{""Amara.sp"":true}}"
WSCT1441.JPG,2426501,"{}",0,0,"{}","{}"
WSCT1442.JPG,2426229,"{}",0,0,"{}","{}"
WSCT1443.JPG,2424397,"{}",0,0,"{}","{}"
WSCT1444.JPG,2422037,"{}",0,0,"{}","{}"
WSCT1445.JPG,2422645,"{}",1,0,"{""name"":""rect"",""x"":2039,""y"":606,""width"":74,""height"":72}","{""Insect"":{""Carabid"":true}}"
WSCT1446.JPG,2422245,"{}",1,0,"{""name"":""rect"",""x"":2037,""y"":1732,""width"":48,""height"":82}","{""Insect"":{""Carabid"":true}}"
WSCT1447.JPG,2427716,"{}",0,0,"{}","{}"
WSCT1448.JPG,2422800,"{}",0,0,"{}","{}"
WSCT1449.JPG,2422630,"{}",0,0,"{}","{}"
WSCT1450.JPG,2422837,"{}",0,0,"{}","{}"
WSCT1451.JPG,2423366,"{}",0,0,"{}","{}"
WSCT1452.JPG,2423151,"{}",0,0,"{}","{}"
WSCT1453.JPG,2423351,"{}",0,0,"{}","{}"
WSCT1454.JPG,2424100,"{}",0,0,"{}","{}"
WSCT1455.JPG,2424559,"{}",0,0,"{}","{}"
WSCT1456.JPG,2423213,"{}",0,0,"{}","{}"
WSCT1457.JPG,2423233,"{}",1,0,"{""name"":""rect"",""x"":1512,""y"":1020,""width"":79,""height"":40}","{""Insect"":{""Psylliodes.chrysocephalus"":true}}"
WSCT1458.JPG,2423563,"{}",1,0,"{""name"":""rect"",""x"":1451,""y"":1780,""width"":64,""height"":69}","{""Insect"":{""Psylliodes.chrysocephalus"":true}}"
WSCT1459.JPG,2421310,"{}",0,0,"{}","{}"
WSCT1460.JPG,2424012,"{}",0,0,"{}","{}"
WSCT1461.JPG,2422400,"{}",0,0,"{}","{}"
WSCT1462.JPG,2425370,"{}",0,0,"{}","{}"
WSCT1463.JPG,2420142,"{}",0,0,"{}","{}"
WSCT1464.JPG,2420425,"{}",0,0,"{}","{}"
WSCT1465.JPG,2421870,"{}",0,0,"{}","{}"
WSCT1466.JPG,2423794,"{}",0,0,"{}","{}"
WSCT1467.JPG,2422222,"{}",0,0,"{}","{}"
WSCT1468.JPG,2423967,"{}",0,0,"{}","{}"
WSCT1469.JPG,2424818,"{}",0,0,"{}","{}"
WSCT1470.JPG,2421491,"{}",1,0,"{""name"":""rect"",""x"":368,""y"":1989,""width"":106,""height"":48}","{""Insect"":{""Tachyporus.hypnorum"":true}}"
WSCT1471.JPG,2423721,"{}",1,0,"{""name"":""rect"",""x"":188,""y"":180,""width"":82,""height"":74}","{""Insect"":{""Tachyporus.hypnorum"":true}}"
WSCT1472.JPG,2419597,"{}",0,0,"{}","{}"
WSCT1473.JPG,2422270,"{}",0,0,"{}","{}"
WSCT1474.JPG,2422204,"{}",1,0,"{""name"":""rect"",""x"":2132,""y"":1494,""width"":220,""height"":127}","{""Insect"":{""Isopoda"":true}}"
WSCT1475.JPG,2419490,"{}",0,0,"{}","{}"
WSCT1476.JPG,2425557,"{}",1,0,"{""name"":""rect"",""x"":3533,""y"":2063,""width"":56,""height"":138}","{""Insect"":{""Staphylinidae"":true}}"
WSCT1477.JPG,2423005,"{}",2,0,"{""name"":""rect"",""x"":2910,""y"":87,""width"":169,""height"":244}","{""Insect"":{""Pterostichus.madidus"":true}}"
WSCT1477.JPG,2423005,"{}",2,1,"{""name"":""rect"",""x"":670,""y"":1880,""width"":56,""height"":58}","{""Insect"":{""Tachyporus.hypnorum"":true}}"
WSCT1478.JPG,2420889,"{}",0,0,"{}","{}"
WSCT1479.JPG,2420308,"{}",0,0,"{}","{}"
WSCT1480.JPG,2419266,"{}",1,0,"{""name"":""rect"",""x"":2285,""y"":1390,""width"":85,""height"":72}","{""Insect"":{""Carabid"":true}}"
WSCT1481.JPG,2421496,"{}",0,0,"{}","{}"
WSCT1482.JPG,2423714,"{}",0,0,"{}","{}"
WSCT1483.JPG,2418418,"{}",0,0,"{}","{}"
WSCT1484.JPG,2421485,"{}",0,0,"{}","{}"
WSCT1485.JPG,2420939,"{}",0,0,"{}","{}"
WSCT1486.JPG,2418719,"{}",0,0,"{}","{}"
WSCT1487.JPG,2421839,"{}",0,0,"{}","{}"
WSCT1488.JPG,2421597,"{}",0,0,"{}","{}"
WSCT1489.JPG,2417458,"{}",0,0,"{}","{}"
WSCT1490.JPG,2423735,"{}",1,0,"{""name"":""rect"",""x"":286,""y"":1976,""width"":77,""height"":58}","{""Insect"":{""Tachyporus.hypnorum"":true}}"
WSCT1491.JPG,2420614,"{}",0,0,"{}","{}"
WSCT1492.JPG,2422156,"{}",1,0,"{""name"":""rect"",""x"":3125,""y"":1208,""width"":403,""height"":193}","{""Insect"":{""Pterostichus.melanarius"":true}}"
WSCT1493.JPG,2422216,"{}",0,0,"{}","{}"
WSCT1494.JPG,2419806,"{}",0,0,"{}","{}"
WSCT1495.JPG,2419137,"{}",0,0,"{}","{}"
WSCT1496.JPG,2422751,"{}",0,0,"{}","{}"
WSCT1497.JPG,2418625,"{}",0,0,"{}","{}"
WSCT1498.JPG,2417975,"{}",1,0,"{""name"":""rect"",""x"":265,""y"":1968,""width"":101,""height"":64}","{""Insect"":{""Tachyporus.hypnorum"":true}}"
WSCT1499.JPG,2419956,"{}",0,0,"{}","{}"
WSCT1500.JPG,2420076,"{}",1,0,"{""name"":""rect"",""x"":3755,""y"":2010,""width"":188,""height"":58}","{""Insect"":{""Staphylinidae"":true}}"
WSCT1501.JPG,2418008,"{}",0,0,"{}","{}"
WSCT1502.JPG,2419980,"{}",0,0,"{}","{}"
WSCT1503.JPG,2421729,"{}",0,0,"{}","{}"
WSCT1504.JPG,2418503,"{}",0,0,"{}","{}"
WSCT1505.JPG,2419601,"{}",0,0,"{}","{}"
WSCT1506.JPG,2417659,"{}",0,0,"{}","{}"
WSCT1507.JPG,2419462,"{}",0,0,"{}","{}"
WSCT1508.JPG,2418356,"{}",0,0,"{}","{}"
WSCT1509.JPG,2419525,"{}",0,0,"{}","{}"
WSCT1510.JPG,2415373,"{}",0,0,"{}","{}"
WSCT1511.JPG,2417561,"{}",0,0,"{}","{}"
WSCT1512.JPG,2416407,"{}",0,0,"{}","{}"
WSCT1513.JPG,2415193,"{}",0,0,"{}","{}"
WSCT1514.JPG,2418029,"{}",0,0,"{}","{}"
WSCT1515.JPG,2416448,"{}",0,0,"{}","{}"
WSCT1516.JPG,2416547,"{}",0,0,"{}","{}"
WSCT1517.JPG,2417082,"{}",0,0,"{}","{}"
WSCT1518.JPG,2417357,"{}",0,0,"{}","{}"
WSCT1519.JPG,2415680,"{}",0,0,"{}","{}"
WSCT1520.JPG,2417012,"{}",0,0,"{}","{}"
WSCT1521.JPG,2418203,"{}",0,0,"{}","{}"
WSCT1522.JPG,2419377,"{}",0,0,"{}","{}"
WSCT1523.JPG,2415607,"{}",0,0,"{}","{}"
WSCT1524.JPG,2416891,"{}",0,0,"{}","{}"
WSCT1525.JPG,2415650,"{}",1,0,"{""name"":""rect"",""x"":1099,""y"":45,""width"":87,""height"":42}","{""Insect"":{""Carabid"":true}}"
WSCT1526.JPG,2416478,"{}",0,0,"{}","{}"
WSCT1527.JPG,2413395,"{}",0,0,"{}","{}"
WSCT1528.JPG,2418124,"{}",0,0,"{}","{}"
WSCT1529.JPG,2412253,"{}",0,0,"{}","{}"
WSCT1530.JPG,2416409,"{}",0,0,"{}","{}"
WSCT1531.JPG,2415135,"{}",0,0,"{}","{}"
WSCT1532.JPG,2416393,"{}",0,0,"{}","{}"
WSCT1533.JPG,2415286,"{}",0,0,"{}","{}"
WSCT1534.JPG,2412505,"{}",0,0,"{}","{}"
WSCT1535.JPG,2415620,"{}",0,0,"{}","{}"
WSCT1536.JPG,2415325,"{}",0,0,"{}","{}"
WSCT1537.JPG,2415220,"{}",0,0,"{}","{}"
WSCT1538.JPG,2414246,"{}",0,0,"{}","{}"
WSCT1539.JPG,2414835,"{}",0,0,"{}","{}"
WSCT1540.JPG,2414010,"{}",0,0,"{}","{}"
WSCT1541.JPG,2417200,"{}",1,0,"{""name"":""rect"",""x"":2524,""y"":1483,""width"":275,""height"":275}","{""Insect"":{""Carabid"":true}}"
WSCT1542.JPG,2411743,"{}",0,0,"{}","{}"
WSCT1543.JPG,2414275,"{}",0,0,"{}","{}"
WSCT1544.JPG,2410266,"{}",1,0,"{""name"":""rect"",""x"":1653,""y"":29,""width"":442,""height"":262}","{""Insect"":{""Mollusca"":true}}"
WSCT1545.JPG,2375409,"{}",1,0,"{""name"":""rect"",""x"":1099,""y"":24,""width"":871,""height"":1239}","{""Insect"":{""Mollusca"":true}}"
WSCT1546.JPG,2379829,"{}",1,0,"{""name"":""rect"",""x"":657,""y"":892,""width"":747,""height"":1279}","{""Insect"":{""Mollusca"":true}}"
WSCT1547.JPG,2414494,"{}",1,0,"{""name"":""rect"",""x"":535,""y"":1978,""width"":257,""height"":236}","{""Insect"":{""Mollusca"":true}}"
WSCT1548.JPG,2415404,"{}",0,0,"{}","{}"
WSCT1549.JPG,2410723,"{}",0,0,"{}","{}"
WSCT1550.JPG,2413415,"{}",0,0,"{}","{}"
WSCT1551.JPG,2412488,"{}",0,0,"{}","{}"
WSCT1552.JPG,2415245,"{}",1,0,"{""name"":""rect"",""x"":312,""y"":739,""width"":53,""height"":79}","{""Insect"":{""Tachyporus.hypnorum"":true}}"
WSCT1553.JPG,2413113,"{}",0,0,"{}","{}"
WSCT1554.JPG,2418217,"{}",0,0,"{}","{}"
WSCT1555.JPG,2413331,"{}",0,0,"{}","{}"
WSCT1556.JPG,2416247,"{}",0,0,"{}","{}"
WSCT1557.JPG,2414163,"{}",0,0,"{}","{}"
WSCT1558.JPG,2412583,"{}",0,0,"{}","{}"
WSCT1559.JPG,2415482,"{}",0,0,"{}","{}"
WSCT1560.JPG,2418066,"{}",0,0,"{}","{}"
WSCT1561.JPG,2413632,"{}",0,0,"{}","{}"
WSCT1562.JPG,2413239,"{}",0,0,"{}","{}"
WSCT1563.JPG,2416063,"{}",0,0,"{}","{}"
WSCT1564.JPG,2417913,"{}",0,0,"{}","{}"
WSCT1565.JPG,2415505,"{}",0,0,"{}","{}"
WSCT1566.JPG,2417659,"{}",0,0,"{}","{}"
WSCT1567.JPG,2414911,"{}",0,0,"{}","{}"
WSCT1568.JPG,2414628,"{}",0,0,"{}","{}"
WSCT1569.JPG,2415809,"{}",0,0,"{}","{}"
WSCT1570.JPG,2414592,"{}",0,0,"{}","{}"
WSCT1571.JPG,2417426,"{}",0,0,"{}","{}"
WSCT1572.JPG,2416221,"{}",0,0,"{}","{}"
WSCT1573.JPG,2415418,"{}",0,0,"{}","{}"
WSCT1574.JPG,2413577,"{}",0,0,"{}","{}"
WSCT1575.JPG,2413075,"{}",1,0,"{""name"":""rect"",""x"":1062,""y"":2037,""width"":140,""height"":169}","{""Insect"":{""Amara.sp"":true}}"
WSCT1576.JPG,2414583,"{}",0,0,"{}","{}"
WSCT1577.JPG,2416707,"{}",0,0,"{}","{}"
WSCT1578.JPG,2413827,"{}",0,0,"{}","{}"
WSCT1579.JPG,2411337,"{}",0,0,"{}","{}"
WSCT1580.JPG,2415848,"{}",0,0,"{}","{}"
WSCT1581.JPG,2412098,"{}",0,0,"{}","{}"
WSCT1582.JPG,2418677,"{}",0,0,"{}","{}"
WSCT1583.JPG,2416424,"{}",0,0,"{}","{}"
WSCT1584.JPG,2415034,"{}",1,0,"{""name"":""rect"",""x"":1944,""y"":808,""width"":124,""height"":215}","{""Insect"":{""Isopoda"":true}}"
WSCT1585.JPG,2414488,"{}",0,0,"{}","{}"
WSCT1586.JPG,2416868,"{}",0,0,"{}","{}"
WSCT1587.JPG,2413646,"{}",0,0,"{}","{}"
WSCT1588.JPG,2413789,"{}",0,0,"{}","{}"
WSCT1589.JPG,2415763,"{}",0,0,"{}","{}"
WSCT1590.JPG,2413236,"{}",1,0,"{""name"":""rect"",""x"":3228,""y"":662,""width"":124,""height"":146}","{""Insect"":{""Anchomenus.dorsalis"":true}}"
WSCT1591.JPG,2413840,"{}",0,0,"{}","{}"
WSCT1592.JPG,2413803,"{}",1,0,"{""name"":""rect"",""x"":1385,""y"":1120,""width"":146,""height"":154}","{""Insect"":{""Harpalus.affinis"":true}}"
WSCT1593.JPG,2412683,"{}",0,0,"{}","{}"
WSCT1594.JPG,2416804,"{}",1,0,"{""name"":""rect"",""x"":871,""y"":233,""width"":154,""height"":127}","{""Insect"":{""Anchomenus.dorsalis"":true}}"
WSCT1595.JPG,2413951,"{}",0,0,"{}","{}"
WSCT1596.JPG,2414068,"{}",0,0,"{}","{}"
WSCT1597.JPG,2416338,"{}",0,0,"{}","{}"
WSCT1598.JPG,2415349,"{}",0,0,"{}","{}"
WSCT1599.JPG,2411026,"{}",0,0,"{}","{}"
WSCT1600.JPG,2412931,"{}",0,0,"{}","{}"
WSCT1601.JPG,2411834,"{}",0,0,"{}","{}"
WSCT1602.JPG,2413344,"{}",0,0,"{}","{}"
WSCT1603.JPG,2418247,"{}",0,0,"{}","{}"
WSCT1604.JPG,2412946,"{}",0,0,"{}","{}"
WSCT1605.JPG,2415735,"{}",0,0,"{}","{}"
WSCT1606.JPG,2420653,"{}",0,0,"{}","{}"
WSCT1607.JPG,2415239,"{}",0,0,"{}","{}"
WSCT1608.JPG,2416851,"{}",0,0,"{}","{}"
WSCT1609.JPG,2413379,"{}",0,0,"{}","{}"
WSCT1610.JPG,2412481,"{}",0,0,"{}","{}"
WSCT1611.JPG,2415597,"{}",0,0,"{}","{}"
WSCT1612.JPG,2412724,"{}",0,0,"{}","{}"
WSCT1613.JPG,2415433,"{}",0,0,"{}","{}"
WSCT1614.JPG,2414545,"{}",0,0,"{}","{}"
WSCT1615.JPG,2414983,"{}",0,0,"{}","{}"
WSCT1616.JPG,2415257,"{}",0,0,"{}","{}"
WSCT1617.JPG,2414020,"{}",0,0,"{}","{}"
WSCT1618.JPG,2414026,"{}",0,0,"{}","{}"
WSCT1619.JPG,2415615,"{}",0,0,"{}","{}"
WSCT1620.JPG,2415891,"{}",0,0,"{}","{}"
WSCT1621.JPG,2414157,"{}",1,0,"{""name"":""rect"",""x"":1096,""y"":1883,""width"":177,""height"":114}","{""Insect"":{""Isopoda"":true}}"
WSCT1622.JPG,2418129,"{}",0,0,"{}","{}"
WSCT1623.JPG,2417924,"{}",1,0,"{""name"":""rect"",""x"":2887,""y"":837,""width"":72,""height"":90}","{""Insect"":{""Diptera"":true}}"
WSCT1624.JPG,2412381,"{}",1,0,"{""name"":""rect"",""x"":2863,""y"":829,""width"":79,""height"":56}","{""Insect"":{""Diptera"":true}}"
WSCT1625.JPG,2413954,"{}",1,0,"{""name"":""rect"",""x"":2903,""y"":990,""width"":66,""height"":82}","{""Insect"":{""Diptera"":true}}"
WSCT1626.JPG,2413959,"{}",1,0,"{""name"":""rect"",""x"":2619,""y"":1128,""width"":66,""height"":72}","{""Insect"":{""Diptera"":true}}"
WSCT1627.JPG,2413337,"{}",1,0,"{""name"":""rect"",""x"":2635,""y"":1099,""width"":69,""height"":82}","{""Insect"":{""Diptera"":true}}"
WSCT1628.JPG,2415538,"{}",1,0,"{""name"":""rect"",""x"":2664,""y"":1104,""width"":72,""height"":72}","{""Insect"":{""Diptera"":true}}"
WSCT1629.JPG,2411849,"{}",1,0,"{""name"":""rect"",""x"":2659,""y"":1110,""width"":82,""height"":56}","{""Insect"":{""Diptera"":true}}"
WSCT1630.JPG,2414685,"{}",0,0,"{}","{}"
WSCT1631.JPG,2413766,"{}",1,0,"{""name"":""rect"",""x"":1917,""y"":241,""width"":241,""height"":87}","{""Insect"":{""Myriapoda"":true}}"
WSCT1632.JPG,2414481,"{}",0,0,"{}","{}"
WSCT1633.JPG,2412343,"{}",0,0,"{}","{}"
WSCT1634.JPG,2412439,"{}",0,0,"{}","{}"
WSCT1635.JPG,2409853,"{}",0,0,"{}","{}"
WSCT1636.JPG,2417848,"{}",0,0,"{}","{}"
WSCT1637.JPG,2415766,"{}",0,0,"{}","{}"
WSCT1638.JPG,2415197,"{}",0,0,"{}","{}"
WSCT1639.JPG,2412842,"{}",0,0,"{}","{}"
WSCT1640.JPG,2413121,"{}",0,0,"{}","{}"
WSCT1641.JPG,2416905,"{}",0,0,"{}","{}"
WSCT1642.JPG,2412482,"{}",0,0,"{}","{}"
WSCT1643.JPG,2414214,"{}",0,0,"{}","{}"
WSCT1644.JPG,2411745,"{}",0,0,"{}","{}"
WSCT1645.JPG,2415747,"{}",1,0,"{""name"":""rect"",""x"":8,""y"":1043,""width"":305,""height"":185}","{""Insect"":{""Dermaptera"":true}}"
WSCT1646.JPG,2417225,"{}",0,0,"{}","{}"
WSCT1647.JPG,2414102,"{}",0,0,"{}","{}"
WSCT1648.JPG,2415398,"{}",0,0,"{}","{}"
WSCT1649.JPG,2411746,"{}",0,0,"{}","{}"
WSCT1650.JPG,2415964,"{}",0,0,"{}","{}"
WSCT1651.JPG,2416005,"{}",0,0,"{}","{}"
WSCT1652.JPG,2412503,"{}",0,0,"{}","{}"
WSCT1653.JPG,2411579,"{}",0,0,"{}","{}"
WSCT1654.JPG,2413735,"{}",1,0,"{""name"":""rect"",""x"":2929,""y"":1626,""width"":50,""height"":58}","{""Insect"":{""Unknown"":true}}"
WSCT1655.JPG,2414391,"{}",1,0,"{""name"":""rect"",""x"":2929,""y"":1997,""width"":69,""height"":48}","{""Insect"":{""Unknown"":true}}"
WSCT1656.JPG,2414650,"{}",0,0,"{}","{}"
WSCT1657.JPG,2413515,"{}",0,0,"{}","{}"
WSCT1658.JPG,2412595,"{}",0,0,"{}","{}"
WSCT1659.JPG,2411107,"{}",0,0,"{}","{}"
WSCT1660.JPG,2410710,"{}",0,0,"{}","{}"
WSCT1661.JPG,2413182,"{}",0,0,"{}","{}"
WSCT1662.JPG,2412874,"{}",0,0,"{}","{}"
WSCT1663.JPG,2416395,"{}",0,0,"{}","{}"
WSCT1664.JPG,2411719,"{}",0,0,"{}","{}"
WSCT1665.JPG,2417103,"{}",0,0,"{}","{}"
WSCT1666.JPG,2412308,"{}",0,0,"{}","{}"
WSCT1667.JPG,2416537,"{}",0,0,"{}","{}"
WSCT1668.JPG,2413031,"{}",0,0,"{}","{}"
WSCT1669.JPG,2413470,"{}",0,0,"{}","{}"
WSCT1670.JPG,2414974,"{}",0,0,"{}","{}"
WSCT1671.JPG,2411961,"{}",0,0,"{}","{}"
WSCT1672.JPG,2414570,"{}",0,0,"{}","{}"
WSCT1673.JPG,2412694,"{}",0,0,"{}","{}"
WSCT1674.JPG,2414428,"{}",1,0,"{""name"":""rect"",""x"":1708,""y"":2089,""width"":109,""height"":117}","{""Insect"":{""Amara.sp"":true}}"
WSCT1675.JPG,2416128,"{}",1,0,"{""name"":""rect"",""x"":1115,""y"":953,""width"":217,""height"":106}","{""Insect"":{""Amara.sp"":true}}"
WSCT1676.JPG,2419536,"{}",1,0,"{""name"":""rect"",""x"":2158,""y"":599,""width"":162,""height"":154}","{""Insect"":{""Amara.sp"":true}}"
WSCT1677.JPG,2421702,"{}",1,0,"{""name"":""rect"",""x"":3080,""y"":156,""width"":111,""height"":196}","{""Insect"":{""Amara.sp"":true}}"
WSCT1678.JPG,2414765,"{}",0,0,"{}","{}"
WSCT1679.JPG,2415578,"{}",0,0,"{}","{}"
WSCT1680.JPG,2413540,"{}",0,0,"{}","{}"
WSCT1681.JPG,2416459,"{}",0,0,"{}","{}"
WSCT1682.JPG,2416036,"{}",0,0,"{}","{}"
WSCT1683.JPG,2414439,"{}",0,0,"{}","{}"
WSCT1684.JPG,2416279,"{}",1,0,"{""name"":""rect"",""x"":2108,""y"":442,""width"":95,""height"":188}","{""Insect"":{""Amara.sp"":true}}"
WSCT1685.JPG,2414986,"{}",1,0,"{""name"":""rect"",""x"":2383,""y"":1263,""width"":154,""height"":193}","{""Insect"":{""Amara.sp"":true}}"
WSCT1686.JPG,2422224,"{}",1,0,"{""name"":""rect"",""x"":3302,""y"":1438,""width"":127,""height"":188}","{""Insect"":{""Amara.sp"":true}}"
WSCT1687.JPG,2417624,"{}",0,0,"{}","{}"
WSCT1688.JPG,2418334,"{}",0,0,"{}","{}"
WSCT1689.JPG,2417762,"{}",0,0,"{}","{}"
WSCT1690.JPG,2415719,"{}",0,0,"{}","{}"
WSCT1691.JPG,2414604,"{}",1,0,"{""name"":""rect"",""x"":1864,""y"":606,""width"":336,""height"":236}","{""Insect"":{""Dermaptera"":true}}"
WSCT1692.JPG,2414602,"{}",0,0,"{}","{}"
WSCT1693.JPG,2415600,"{}",0,0,"{}","{}"
WSCT1694.JPG,2416415,"{}",0,0,"{}","{}"
WSCT1695.JPG,2416219,"{}",0,0,"{}","{}"
WSCT1696.JPG,2414928,"{}",0,0,"{}","{}"
WSCT1697.JPG,2417463,"{}",0,0,"{}","{}"
WSCT1698.JPG,2415114,"{}",0,0,"{}","{}"
WSCT1699.JPG,2415259,"{}",0,0,"{}","{}"
WSCT1700.JPG,2413182,"{}",0,0,"{}","{}"
WSCT1701.JPG,2417424,"{}",0,0,"{}","{}"
WSCT1702.JPG,2415388,"{}",0,0,"{}","{}"
WSCT1703.JPG,2415388,"{}",0,0,"{}","{}"
WSCT1704.JPG,2414946,"{}",0,0,"{}","{}"
WSCT1705.JPG,2413001,"{}",0,0,"{}","{}"
WSCT1706.JPG,2419354,"{}",0,0,"{}","{}"
WSCT1707.JPG,2420561,"{}",0,0,"{}","{}"
WSCT1708.JPG,2415403,"{}",0,0,"{}","{}"
WSCT1709.JPG,2415281,"{}",0,0,"{}","{}"
WSCT1710.JPG,2419532,"{}",0,0,"{}","{}"
WSCT1711.JPG,2417778,"{}",0,0,"{}","{}"
WSCT1712.JPG,2415849,"{}",1,0,"{""name"":""rect"",""x"":1698,""y"":1541,""width"":183,""height"":246}","{""Insect"":{""Dermaptera"":true}}"
WSCT1713.JPG,2417067,"{}",0,0,"{}","{}"
WSCT1714.JPG,2416119,"{}",0,0,"{}","{}"
WSCT1715.JPG,2419348,"{}",0,0,"{}","{}"
WSCT1716.JPG,2416518,"{}",0,0,"{}","{}"
WSCT1717.JPG,2418536,"{}",0,0,"{}","{}"
WSCT1718.JPG,2416406,"{}",0,0,"{}","{}"
WSCT1719.JPG,2416347,"{}",0,0,"{}","{}"
WSCT1720.JPG,2422340,"{}",0,0,"{}","{}"
WSCT1721.JPG,2413909,"{}",0,0,"{}","{}"
WSCT1722.JPG,2415692,"{}",0,0,"{}","{}"
WSCT1723.JPG,2413891,"{}",0,0,"{}","{}"
WSCT1724.JPG,2416846,"{}",0,0,"{}","{}"
WSCT1725.JPG,2414162,"{}",0,0,"{}","{}"
WSCT1726.JPG,2416764,"{}",0,0,"{}","{}"
WSCT1727.JPG,2414602,"{}",0,0,"{}","{}"
WSCT1728.JPG,2413922,"{}",0,0,"{}","{}"
WSCT1729.JPG,2415187,"{}",0,0,"{}","{}"
WSCT1730.JPG,2415983,"{}",0,0,"{}","{}"
WSCT1731.JPG,2416526,"{}",0,0,"{}","{}"
WSCT1732.JPG,2413706,"{}",0,0,"{}","{}"
WSCT1733.JPG,2418631,"{}",0,0,"{}","{}"
WSCT1734.JPG,2414905,"{}",0,0,"{}","{}"
WSCT1735.JPG,2417682,"{}",0,0,"{}","{}"
WSCT1736.JPG,2415909,"{}",0,0,"{}","{}"
WSCT1737.JPG,2414634,"{}",0,0,"{}","{}"
WSCT1738.JPG,2413994,"{}",0,0,"{}","{}"
WSCT1739.JPG,2413250,"{}",0,0,"{}","{}"
WSCT1740.JPG,2419212,"{}",0,0,"{}","{}"
WSCT1741.JPG,2416848,"{}",0,0,"{}","{}"
WSCT1742.JPG,2418271,"{}",0,0,"{}","{}"
WSCT1743.JPG,2419165,"{}",0,0,"{}","{}"
WSCT1744.JPG,2418655,"{}",0,0,"{}","{}"
WSCT1745.JPG,2416848,"{}",0,0,"{}","{}"
WSCT1746.JPG,2423551,"{}",0,0,"{}","{}"
WSCT1747.JPG,2414797,"{}",0,0,"{}","{}"
WSCT1748.JPG,2413432,"{}",0,0,"{}","{}"
WSCT1749.JPG,2414483,"{}",0,0,"{}","{}"
WSCT1750.JPG,2418511,"{}",0,0,"{}","{}"
WSCT1751.JPG,2419849,"{}",0,0,"{}","{}"
WSCT1752.JPG,2417461,"{}",0,0,"{}","{}"
WSCT1753.JPG,2414640,"{}",0,0,"{}","{}"
WSCT1754.JPG,2411797,"{}",0,0,"{}","{}"
WSCT1755.JPG,2412495,"{}",0,0,"{}","{}"
WSCT1756.JPG,2414973,"{}",0,0,"{}","{}"
WSCT1757.JPG,2413759,"{}",0,0,"{}","{}"
WSCT1758.JPG,2416032,"{}",0,0,"{}","{}"
WSCT1759.JPG,2418574,"{}",0,0,"{}","{}"
WSCT1760.JPG,2415829,"{}",0,0,"{}","{}"
WSCT1761.JPG,2413765,"{}",0,0,"{}","{}"
WSCT1762.JPG,2412843,"{}",0,0,"{}","{}"
WSCT1763.JPG,2412378,"{}",0,0,"{}","{}"
WSCT1764.JPG,2421706,"{}",0,0,"{}","{}"
WSCT1765.JPG,2416298,"{}",0,0,"{}","{}"
WSCT1766.JPG,2410722,"{}",0,0,"{}","{}"
WSCT1767.JPG,2414109,"{}",0,0,"{}","{}"
WSCT1768.JPG,2414026,"{}",0,0,"{}","{}"
WSCT1769.JPG,2408545,"{}",0,0,"{}","{}"
WSCT1770.JPG,2408959,"{}",0,0,"{}","{}"
WSCT1771.JPG,2410349,"{}",0,0,"{}","{}"
WSCT1772.JPG,2409842,"{}",0,0,"{}","{}"
WSCT1773.JPG,2407529,"{}",0,0,"{}","{}"
WSCT1774.JPG,2407309,"{}",0,0,"{}","{}"
WSCT1775.JPG,2406463,"{}",0,0,"{}","{}"
WSCT1776.JPG,2405170,"{}",0,0,"{}","{}"
WSCT1777.JPG,2404827,"{}",0,0,"{}","{}"
WSCT1778.JPG,2401222,"{}",1,0,"{""name"":""rect"",""x"":2884,""y"":895,""width"":79,""height"":119}","{""Insect"":{""Diptera"":true}}"
WSCT1779.JPG,2400274,"{}",0,0,"{}","{}"
WSCT1780.JPG,2399980,"{}",0,0,"{}","{}"
WSCT1781.JPG,2401765,"{}",0,0,"{}","{}"
WSCT1782.JPG,2395319,"{}",0,0,"{}","{}"
WSCT1783.JPG,2392430,"{}",0,0,"{}","{}"
WSCT1784.JPG,2399212,"{}",0,0,"{}","{}"
WSCT1785.JPG,2390737,"{}",0,0,"{}","{}"
WSCT1786.JPG,2389179,"{}",0,0,"{}","{}"
WSCT1787.JPG,2387219,"{}",0,0,"{}","{}"
WSCT1788.JPG,2385963,"{}",0,0,"{}","{}"
WSCT1789.JPG,2379072,"{}",0,0,"{}","{}"
WSCT1790.JPG,2379372,"{}",0,0,"{}","{}"
WSCT1791.JPG,2373980,"{}",0,0,"{}","{}"
WSCT1792.JPG,2370367,"{}",0,0,"{}","{}"
WSCT1793.JPG,2371306,"{}",0,0,"{}","{}"
WSCT1794.JPG,2363696,"{}",0,0,"{}","{}"
WSCT1795.JPG,2360630,"{}",0,0,"{}","{}"
WSCT1796.JPG,2353259,"{}",0,0,"{}","{}"
WSCT1797.JPG,2347632,"{}",0,0,"{}","{}"
WSCT1798.JPG,2256372,"{}",0,0,"{}","{}"
WSCT1799.JPG,2256222,"{}",0,0,"{}","{}"
WSCT1800.JPG,2255194,"{}",0,0,"{}","{}"
WSCT1801.JPG,2335957,"{}",0,0,"{}","{}"
WSCT1802.JPG,2253564,"{}",0,0,"{}","{}"
WSCT1803.JPG,2260357,"{}",0,0,"{}","{}"
WSCT1804.JPG,2243724,"{}",0,0,"{}","{}"
WSCT1805.JPG,2243975,"{}",0,0,"{}","{}"
WSCT1806.JPG,2329930,"{}",0,0,"{}","{}"
WSCT1807.JPG,2325829,"{}",0,0,"{}","{}"
WSCT1808.JPG,2320428,"{}",1,0,"{""name"":""rect"",""x"":2990,""y"":2023,""width"":79,""height"":77}","{""Insect"":{""Staphylinidae"":true}}"
WSCT1809.JPG,2311426,"{}",1,0,"{""name"":""rect"",""x"":3533,""y"":1237,""width"":79,""height"":74}","{""Insect"":{""Staphylinidae"":true}}"
WSCT1810.JPG,2309956,"{}",0,0,"{}","{}"
WSCT1811.JPG,2244675,"{}",0,0,"{}","{}"
WSCT1812.JPG,2291836,"{}",0,0,"{}","{}"
WSCT1813.JPG,2294344,"{}",0,0,"{}","{}"
WSCT1814.JPG,2248199,"{}",0,0,"{}","{}"
WSCT1815.JPG,2271744,"{}",0,0,"{}","{}"
WSCT1816.JPG,2276801,"{}",0,0,"{}","{}"
WSCT1817.JPG,2275340,"{}",0,0,"{}","{}"
WSCT1818.JPG,2264447,"{}",0,0,"{}","{}"
WSCT1819.JPG,2263437,"{}",0,0,"{}","{}"
WSCT1820.JPG,2263354,"{}",0,0,"{}","{}"
WSCT1821.JPG,2256671,"{}",0,0,"{}","{}"
WSCT1822.JPG,2255754,"{}",0,0,"{}","{}"
WSCT1823.JPG,2253229,"{}",0,0,"{}","{}"
WSCT1824.JPG,2252113,"{}",0,0,"{}","{}"
WSCT1825.JPG,2259129,"{}",0,0,"{}","{}"
WSCT1826.JPG,2269114,"{}",0,0,"{}","{}"
WSCT1827.JPG,2254301,"{}",0,0,"{}","{}"
WSCT1828.JPG,2257681,"{}",0,0,"{}","{}"
WSCT1829.JPG,2256142,"{}",0,0,"{}","{}"
WSCT1830.JPG,2255002,"{}",0,0,"{}","{}"
WSCT1831.JPG,2250307,"{}",0,0,"{}","{}"
WSCT1832.JPG,2250988,"{}",0,0,"{}","{}"
WSCT1833.JPG,2254192,"{}",0,0,"{}","{}"
WSCT1834.JPG,2252828,"{}",0,0,"{}","{}"
WSCT2718.JPG,2327489,"{}",0,0,"{}","{}"
WSCT2719.JPG,2333718,"{}",0,0,"{}","{}"
WSCT2720.JPG,2334018,"{}",1,0,"{""name"":""rect"",""x"":1735,""y"":858,""width"":58,""height"":82}","{""Insect"":{""Unknown"":true}}"
WSCT2721.JPG,2336590,"{}",0,0,"{}","{}"
WSCT2722.JPG,2354696,"{}",0,0,"{}","{}"
WSCT2723.JPG,2345685,"{}",0,0,"{}","{}"
WSCT2724.JPG,2344490,"{}",0,0,"{}","{}"
WSCT2725.JPG,2342703,"{}",0,0,"{}","{}"
WSCT2726.JPG,2347913,"{}",0,0,"{}","{}"
WSCT2727.JPG,2357122,"{}",0,0,"{}","{}"
WSCT2728.JPG,2346958,"{}",0,0,"{}","{}"
WSCT2729.JPG,2348441,"{}",0,0,"{}","{}"
WSCT2730.JPG,2341867,"{}",0,0,"{}","{}"
WSCT2731.JPG,2342612,"{}",0,0,"{}","{}"
WSCT2732.JPG,2358349,"{}",0,0,"{}","{}"
WSCT2733.JPG,2356720,"{}",0,0,"{}","{}"
WSCT2734.JPG,2350216,"{}",0,0,"{}","{}"
WSCT2735.JPG,2350200,"{}",0,0,"{}","{}"
WSCT2736.JPG,2350366,"{}",0,0,"{}","{}"
WSCT2737.JPG,2359250,"{}",0,0,"{}","{}"
WSCT2738.JPG,2366576,"{}",0,0,"{}","{}"
WSCT2739.JPG,2325340,"{}",0,0,"{}","{}"
WSCT2740.JPG,2356898,"{}",0,0,"{}","{}"
WSCT2741.JPG,2316794,"{}",1,0,"{""name"":""rect"",""x"":908,""y"":1552,""width"":66,""height"":34}","{""Insect"":{""Diptera"":true}}"
WSCT2742.JPG,2366768,"{}",1,0,"{""name"":""rect"",""x"":906,""y"":1544,""width"":64,""height"":53}","{""Insect"":{""Diptera"":true}}"
WSCT2743.JPG,2384914,"{}",0,0,"{}","{}"
WSCT2744.JPG,2326340,"{}",0,0,"{}","{}"
WSCT2745.JPG,2387724,"{}",0,0,"{}","{}"
WSCT2746.JPG,2389725,"{}",1,0,"{""name"":""rect"",""x"":4110,""y"":1133,""width"":72,""height"":77}","{""Insect"":{""Unknown"":true}}"
WSCT2747.JPG,2389250,"{}",0,0,"{}","{}"
WSCT2748.JPG,2390550,"{}",0,0,"{}","{}"
WSCT2749.JPG,2327199,"{}",0,0,"{}","{}"
WSCT2750.JPG,2335259,"{}",0,0,"{}","{}"
WSCT2751.JPG,2335282,"{}",0,0,"{}","{}"
WSCT2752.JPG,2324713,"{}",0,0,"{}","{}"
WSCT2753.JPG,2331576,"{}",0,0,"{}","{}"
WSCT2754.JPG,2328180,"{}",0,0,"{}","{}"
WSCT2755.JPG,2324730,"{}",1,0,"{""name"":""rect"",""x"":2211,""y"":1584,""width"":61,""height"":42}","{""Insect"":{""Tachyporus.hypnorum"":true}}"
WSCT2756.JPG,2330583,"{}",0,0,"{}","{}"
WSCT2757.JPG,2416688,"{}",0,0,"{}","{}"
WSCT2758.JPG,2321584,"{}",0,0,"{}","{}"
WSCT2759.JPG,2328136,"{}",0,0,"{}","{}"
WSCT2760.JPG,2325411,"{}",0,0,"{}","{}"
WSCT2761.JPG,2329360,"{}",0,0,"{}","{}"
WSCT2762.JPG,2316910,"{}",0,0,"{}","{}"
WSCT2763.JPG,2324963,"{}",0,0,"{}","{}"
WSCT2764.JPG,2318987,"{}",1,0,"{""name"":""rect"",""x"":1629,""y"":1883,""width"":64,""height"":50}","{""Insect"":{""Staphylinidae"":true}}"
WSCT2765.JPG,2326009,"{}",1,0,"{""name"":""rect"",""x"":3287,""y"":8,""width"":72,""height"":34}","{""Insect"":{""Diptera"":true}}"
WSCT2766.JPG,2328327,"{}",1,0,"{""name"":""rect"",""x"":3249,""y"":13,""width"":79,""height"":42}","{""Insect"":{""Diptera"":true}}"
WSCT2767.JPG,2333221,"{}",0,0,"{}","{}"
WSCT2768.JPG,2326631,"{}",0,0,"{}","{}"
WSCT2769.JPG,2333249,"{}",0,0,"{}","{}"
WSCT2770.JPG,2339391,"{}",0,0,"{}","{}"
WSCT2771.JPG,2347760,"{}",0,0,"{}","{}"
WSCT2772.JPG,2356585,"{}",0,0,"{}","{}"
WSCT2773.JPG,2350971,"{}",0,0,"{}","{}"
WSCT2774.JPG,2366337,"{}",0,0,"{}","{}"
WSCT2775.JPG,2366061,"{}",0,0,"{}","{}"
WSCT2776.JPG,2374512,"{}",0,0,"{}","{}"
WSCT2777.JPG,2368520,"{}",0,0,"{}","{}"
WSCT2778.JPG,2367641,"{}",0,0,"{}","{}"
WSCT2779.JPG,2367544,"{}",0,0,"{}","{}"
WSCT2780.JPG,2366145,"{}",0,0,"{}","{}"
WSCT2781.JPG,2366941,"{}",0,0,"{}","{}"
WSCT2782.JPG,2379809,"{}",0,0,"{}","{}"
WSCT2783.JPG,2372613,"{}",0,0,"{}","{}"
WSCT2784.JPG,2369182,"{}",0,0,"{}","{}"
WSCT2785.JPG,2369323,"{}",0,0,"{}","{}"
WSCT2786.JPG,2373013,"{}",0,0,"{}","{}"
WSCT2787.JPG,2372386,"{}",0,0,"{}","{}"
WSCT2788.JPG,2370681,"{}",0,0,"{}","{}"
WSCT2789.JPG,2369169,"{}",0,0,"{}","{}"
WSCT2790.JPG,2369942,"{}",0,0,"{}","{}"
WSCT2791.JPG,2372131,"{}",0,0,"{}","{}"
WSCT2792.JPG,2462512,"{}",0,0,"{}","{}"
WSCT2793.JPG,2465975,"{}",0,0,"{}","{}"
WSCT2794.JPG,2463661,"{}",0,0,"{}","{}"
WSCT2795.JPG,2466057,"{}",0,0,"{}","{}"
WSCT2796.JPG,2463170,"{}",0,0,"{}","{}"
WSCT2797.JPG,2458660,"{}",0,0,"{}","{}"
WSCT2798.JPG,2466682,"{}",0,0,"{}","{}"
WSCT2799.JPG,2463423,"{}",0,0,"{}","{}"
WSCT2800.JPG,2468664,"{}",0,0,"{}","{}"
WSCT2801.JPG,2463316,"{}",0,0,"{}","{}"
WSCT2802.JPG,2463893,"{}",0,0,"{}","{}"
WSCT2803.JPG,2465473,"{}",0,0,"{}","{}"
WSCT2804.JPG,2464059,"{}",0,0,"{}","{}"
WSCT2805.JPG,2467579,"{}",1,0,"{""name"":""rect"",""x"":3234,""y"":37,""width"":180,""height"":217}","{""Insect"":{""Myriapoda"":true}}"
WSCT2806.JPG,2466200,"{}",0,0,"{}","{}"
WSCT2807.JPG,2467558,"{}",0,0,"{}","{}"
WSCT2808.JPG,2469206,"{}",0,0,"{}","{}"
WSCT2809.JPG,2466796,"{}",0,0,"{}","{}"
WSCT2810.JPG,2463289,"{}",0,0,"{}","{}"
WSCT2811.JPG,2467969,"{}",0,0,"{}","{}"
WSCT2812.JPG,2468677,"{}",1,0,"{""name"":""rect"",""x"":2871,""y"":294,""width"":109,""height"":58}","{""Insect"":{""Tachyporus.hypnorum"":true}}"
WSCT2813.JPG,2467116,"{}",0,0,"{}","{}"
WSCT2814.JPG,2471280,"{}",1,0,"{""name"":""rect"",""x"":2627,""y"":1239,""width"":90,""height"":48}","{""Insect"":{""Carabid"":true}}"
WSCT2815.JPG,2471965,"{}",0,0,"{}","{}"
WSCT2816.JPG,2470698,"{}",0,0,"{}","{}"
WSCT2817.JPG,2467502,"{}",0,0,"{}","{}"
WSCT2818.JPG,2469166,"{}",0,0,"{}","{}"
WSCT2819.JPG,2467777,"{}",1,0,"{""name"":""rect"",""x"":11,""y"":2087,""width"":40,""height"":74}","{""Insect"":{""Tachyporus.hypnorum"":true}}"
WSCT2820.JPG,2471818,"{}",0,0,"{}","{}"
WSCT2821.JPG,2468628,"{}",0,0,"{}","{}"
WSCT2822.JPG,2471305,"{}",1,0,"{""name"":""rect"",""x"":2455,""y"":612,""width"":212,""height"":228}","{""Insect"":{""Dermaptera"":true}}"
WSCT2823.JPG,2472970,"{}",0,0,"{}","{}"
WSCT2824.JPG,2468641,"{}",0,0,"{}","{}"
WSCT2825.JPG,2469122,"{}",0,0,"{}","{}"
WSCT2826.JPG,2469881,"{}",0,0,"{}","{}"
WSCT2827.JPG,2473182,"{}",2,0,"{""name"":""rect"",""x"":543,""y"":1978,""width"":209,""height"":236}","{""Insect"":{""Dermaptera"":true}}"
WSCT2827.JPG,2473182,"{}",2,1,"{""name"":""rect"",""x"":1785,""y"":990,""width"":74,""height"":93}","{""Insect"":{""Carabid"":true}}"
WSCT2828.JPG,2467875,"{}",0,0,"{}","{}"
WSCT2829.JPG,2468202,"{}",0,0,"{}","{}"
WSCT2830.JPG,2471043,"{}",0,0,"{}","{}"
WSCT2831.JPG,2477517,"{}",0,0,"{}","{}"
WSCT2832.JPG,2471091,"{}",0,0,"{}","{}"
WSCT2833.JPG,2471441,"{}",0,0,"{}","{}"
WSCT2834.JPG,2472633,"{}",0,0,"{}","{}"
WSCT2835.JPG,2471964,"{}",0,0,"{}","{}"
WSCT2836.JPG,2474429,"{}",0,0,"{}","{}"
WSCT2837.JPG,2475805,"{}",0,0,"{}","{}"
WSCT2838.JPG,2473325,"{}",0,0,"{}","{}"
WSCT2839.JPG,2483168,"{}",0,0,"{}","{}"
WSCT2840.JPG,2483889,"{}",0,0,"{}","{}"
WSCT2841.JPG,2489799,"{}",0,0,"{}","{}"
WSCT2842.JPG,2485928,"{}",0,0,"{}","{}"
WSCT2843.JPG,2488433,"{}",1,0,"{""name"":""rect"",""x"":1274,""y"":1549,""width"":546,""height"":649}","{""Insect"":{""Mollusca"":true}}"
WSCT2844.JPG,2501917,"{}",2,0,"{""name"":""rect"",""x"":1478,""y"":802,""width"":326,""height"":1266}","{""Insect"":{""Mollusca"":true}}"
WSCT2844.JPG,2501917,"{}",2,1,"{""name"":""rect"",""x"":143,""y"":291,""width"":101,""height"":34}","{""Insect"":{""Tachyporus.hypnorum"":true}}"
WSCT2845.JPG,2494050,"{}",2,0,"{""name"":""rect"",""x"":1602,""y"":56,""width"":485,""height"":1311}","{""Insect"":{""Mollusca"":true}}"
WSCT2845.JPG,2494050,"{}",2,1,"{""name"":""rect"",""x"":614,""y"":34,""width"":64,""height"":87}","{""Insect"":{""Linyphiidae"":true}}"
WSCT2846.JPG,2491371,"{}",1,0,"{""name"":""rect"",""x"":1920,""y"":-3,""width"":217,""height"":281}","{""Insect"":{""Mollusca"":true}}"
WSCT2847.JPG,2486503,"{}",0,0,"{}","{}"
WSCT2848.JPG,2489392,"{}",0,0,"{}","{}"
WSCT2849.JPG,2487056,"{}",0,0,"{}","{}"
WSCT2850.JPG,2487442,"{}",0,0,"{}","{}"
WSCT2851.JPG,2491013,"{}",0,0,"{}","{}"
WSCT2852.JPG,2488346,"{}",0,0,"{}","{}"
WSCT2853.JPG,2488026,"{}",0,0,"{}","{}"
WSCT2854.JPG,2488552,"{}",0,0,"{}","{}"
WSCT2855.JPG,2490110,"{}",0,0,"{}","{}"
WSCT2856.JPG,2496260,"{}",0,0,"{}","{}"
WSCT2857.JPG,2487650,"{}",0,0,"{}","{}"
WSCT2858.JPG,2491167,"{}",0,0,"{}","{}"
WSCT2859.JPG,2491406,"{}",0,0,"{}","{}"
WSCT2860.JPG,2491496,"{}",0,0,"{}","{}"
WSCT2861.JPG,2491305,"{}",1,0,"{""name"":""rect"",""x"":2352,""y"":2007,""width"":29,""height"":50}","{""Insect"":{""Carabid"":true}}"
WSCT2862.JPG,2493711,"{}",0,0,"{}","{}"
WSCT2863.JPG,2500581,"{}",0,0,"{}","{}"
WSCT2864.JPG,2487621,"{}",0,0,"{}","{}"
WSCT2865.JPG,2494064,"{}",0,0,"{}","{}"
WSCT2867.JPG,2695228,"{}",0,0,"{}","{}"
WSCT2868.JPG,2679340,"{}",0,0,"{}","{}"
WSCT2869.JPG,2696437,"{}",0,0,"{}","{}"
WSCT2870.JPG,2678722,"{}",0,0,"{}","{}"
WSCT2871.JPG,2725558,"{}",0,0,"{}","{}"
WSCT2872.JPG,2722173,"{}",0,0,"{}","{}"
WSCT2873.JPG,2758012,"{}",0,0,"{}","{}"
WSCT2874.JPG,2891344,"{}",0,0,"{}","{}"
WSCT2875.JPG,2881386,"{}",1,0,"{""name"":""rect"",""x"":2442,""y"":1592,""width"":29,""height"":90}","{""Insect"":{""Tachyporus.hypnorum"":true}}"
WSCT2876.JPG,2842699,"{}",0,0,"{}","{}"
WSCT2877.JPG,2470185,"{}",0,0,"{}","{}"
WSCT2878.JPG,2278446,"{}",0,0,"{}","{}"
WSCT2879.JPG,972008,"{}",0,0,"{}","{}"
WSCT2880.JPG,270146,"{}",0,0,"{}","{}"